"Status","Start Time","Stop Time","Duration in ms","Parent Suite","Suite","Sub Suite","Test Class","Test Method","Name","Description"
"passed","Sat Jan 02 20:54:11 CST 2021","Sat Jan 02 20:54:11 CST 2021","0","","test_cal","TestCalc","","","test_sub[9-6-3]",""
"passed","Sat Jan 02 20:54:11 CST 2021","Sat Jan 02 20:54:11 CST 2021","0","","test_cal","TestCalc","","","test_sub[10-4-6]",""
"passed","Sat Jan 02 20:54:11 CST 2021","Sat Jan 02 20:54:11 CST 2021","0","","test_cal","TestCalc","","","test_div[18-3-6]",""
"passed","Sat Jan 02 20:54:11 CST 2021","Sat Jan 02 20:54:11 CST 2021","0","","test_cal","TestCalc","","","test_mul[2-3-6]",""
"passed","Sat Jan 02 20:54:11 CST 2021","Sat Jan 02 20:54:11 CST 2021","0","","test_cal","TestCalc","","","test_add[1000-2000-3000]",""
"passed","Sat Jan 02 20:54:11 CST 2021","Sat Jan 02 20:54:11 CST 2021","0","","test_cal","TestCalc","","","test_add[-1--2--3]",""
"passed","Sat Jan 02 20:54:11 CST 2021","Sat Jan 02 20:54:11 CST 2021","0","","test_cal","TestCalc","","","test_mul[4-5-20]",""
"passed","Sat Jan 02 20:54:11 CST 2021","Sat Jan 02 20:54:11 CST 2021","0","","test_cal","TestCalc","","","test_add[3-3-6]",""
"passed","Sat Jan 02 20:54:11 CST 2021","Sat Jan 02 20:54:11 CST 2021","0","","test_cal","TestCalc","","","test_div[10-2-5]",""
"passed","Sat Jan 02 20:54:11 CST 2021","Sat Jan 02 20:54:11 CST 2021","0","","test_cal","TestCalc","","","test_sub[8-4-4]",""
"passed","Sat Jan 02 20:54:11 CST 2021","Sat Jan 02 20:54:11 CST 2021","0","","test_cal","TestCalc","","","test_mul[2-4-8]",""
"passed","Sat Jan 02 20:54:11 CST 2021","Sat Jan 02 20:54:11 CST 2021","0","","test_cal","TestCalc","","","test_div[15-3-5]",""
